{"cameraMode":{"drawMode":0,"name":"Shaded","section":"Shading Mode"},"sceneLighting":false,"audioPlay":false,"sceneViewState":{"showFog":true,"showMaterialUpdate":false,"showSkybox":true,"showFlares":true,"showImageEffects":true,"showParticleSystems":true},"in2DMode":false,"pivot":{"x":34.74055480957031,"y":6.9786834716796879,"z":97.25637817382813},"rotation":{"x":-0.0047852834686636929,"y":0.0455794557929039,"z":0.00021826603915542364,"w":0.9989492893218994},"size":143.8976287841797,"orthographic":false}