{"cameraMode":{"drawMode":0,"name":"Shaded","section":"Shading Mode"},"sceneLighting":false,"audioPlay":false,"sceneViewState":{"showFog":true,"showMaterialUpdate":false,"showSkybox":true,"showFlares":true,"showImageEffects":true,"showParticleSystems":true},"in2DMode":false,"pivot":{"x":19.540000915527345,"y":0.9700000286102295,"z":-0.8199999332427979},"rotation":{"x":0.010190248489379883,"y":0.003597526578232646,"z":0.00003657586785266176,"w":-0.9999416470527649},"size":6.519023895263672,"orthographic":false}