{"cameraMode":{"drawMode":0,"name":"Shaded","section":"Shading Mode"},"sceneLighting":true,"audioPlay":false,"sceneViewState":{"showFog":true,"showMaterialUpdate":false,"showSkybox":true,"showFlares":true,"showImageEffects":true,"showParticleSystems":true},"in2DMode":false,"pivot":{"x":0.51642906665802,"y":-0.18254321813583375,"z":6.282256603240967},"rotation":{"x":-0.02725130319595337,"y":0.06353162229061127,"z":-0.0017355718882754446,"w":-0.9976062178611755},"size":16.0323486328125,"orthographic":false}