{"cameraMode":{"drawMode":0,"name":"Shaded","section":"Shading Mode"},"sceneLighting":true,"audioPlay":false,"sceneViewState":{"showFog":true,"showMaterialUpdate":false,"showSkybox":true,"showFlares":true,"showImageEffects":true,"showParticleSystems":true},"in2DMode":false,"pivot":{"x":-54.173553466796878,"y":-16.088117599487306,"z":171.9203643798828},"rotation":{"x":-0.20037852227687837,"y":0.6097710728645325,"z":-0.1630675345659256,"w":-0.7492908835411072},"size":383.8152160644531,"orthographic":false}